[
  {
    "reviewerName": "마이키Mikee",
    "reviewText": "The staff member handling check releases lacked politeness and professionalism. His tone was rude and cold, and he seemed distracted by his cellphone during our transaction. However, other staff members were helpful and provided professional service.",
    "rating": 2
  },
  {
    "reviewerName": "Adrian Henzon",
    "reviewText": "Queue length d2, need to be patient.",
    "rating": 1
  },
  {
    "reviewerName": "Eric John Salut",
    "reviewText": "No review text",
    "rating": 5
  },
  {
    "reviewerName": "MM Garcia",
    "reviewText": "No review text",
    "rating": 5
  },
  {
    "reviewerName": "1 Jeanv888",
    "reviewText": "No review text",
    "rating": 5
  },
  {
    "reviewerName": "Antonette Calica",
    "reviewText": "No review text",
    "rating": 5
  }
]